{"cameraMode":{"drawMode":0,"name":"Shaded","section":"Shading Mode"},"sceneLighting":false,"audioPlay":false,"sceneViewState":{"showFog":false,"showMaterialUpdate":false,"showSkybox":false,"showFlares":false,"showImageEffects":false,"showParticleSystems":false},"in2DMode":false,"pivot":{"x":1.28017258644104,"y":1.8017323017120362,"z":0.0},"rotation":{"x":0.4058367609977722,"y":0.004112732596695423,"z":-0.0018262778175994754,"w":0.9139352440834045},"size":4.365489959716797,"orthographic":true}