{"cameraMode":{"drawMode":0,"name":"Shaded","section":"Shading Mode"},"sceneLighting":false,"audioPlay":false,"sceneViewState":{"showFog":false,"showMaterialUpdate":false,"showSkybox":false,"showFlares":false,"showImageEffects":false,"showParticleSystems":false},"in2DMode":false,"pivot":{"x":31.09347152709961,"y":0.5983915328979492,"z":13.819696426391602},"rotation":{"x":0.30350542068481448,"y":0.01286273542791605,"z":-0.004097632132470608,"w":0.9527359008789063},"size":2.8578836917877199,"orthographic":false}